{"cameraMode":{"drawMode":0,"name":"Shaded","section":"Shading Mode"},"sceneLighting":false,"audioPlay":false,"sceneViewState":{"m_AlwaysRefresh":false,"showFog":true,"showSkybox":false,"showFlares":true,"showImageEffects":true,"showParticleSystems":true,"showVisualEffectGraphs":true,"m_FxEnabled":true},"in2DMode":false,"pivot":{"x":5.807538986206055,"y":-0.049999237060546878,"z":2.012462615966797},"rotation":{"x":-0.36893588304519656,"y":0.1216111108660698,"z":-0.04879520833492279,"w":-0.9202039241790772},"size":27.137367248535158,"orthographic":false}