{"cameraMode":{"drawMode":0,"name":"Shaded","section":"Shading Mode"},"sceneLighting":false,"audioPlay":false,"sceneViewState":{"m_AlwaysRefresh":false,"showFog":true,"showSkybox":false,"showFlares":true,"showImageEffects":true,"showParticleSystems":true,"showVisualEffectGraphs":true,"m_FxEnabled":true},"in2DMode":false,"pivot":{"x":6.273197650909424,"y":-12.113121032714844,"z":-10.885089874267579},"rotation":{"x":-0.22458964586257935,"y":0.04908973351120949,"z":-0.011374604888260365,"w":-0.9731810688972473},"size":1.3349604606628419,"orthographic":false}