{"cameraMode":{"drawMode":0,"name":"Shaded","section":"Shading Mode"},"sceneLighting":false,"audioPlay":false,"sceneViewState":{"m_AlwaysRefresh":false,"showFog":true,"showSkybox":false,"showFlares":true,"showImageEffects":true,"showParticleSystems":true,"showVisualEffectGraphs":true,"m_FxEnabled":true},"in2DMode":false,"pivot":{"x":0.9858162999153137,"y":0.6182470917701721,"z":-0.9510198831558228},"rotation":{"x":0.009602619335055352,"y":-0.9553799033164978,"z":-0.031241878867149354,"w":-0.29365602135658266},"size":5.196152210235596,"orthographic":false}