{"cameraMode":{"drawMode":0,"name":"Shaded","section":"Shading Mode"},"sceneLighting":true,"audioPlay":false,"sceneViewState":{"m_AlwaysRefresh":false,"showFog":true,"showSkybox":true,"showFlares":true,"showImageEffects":true,"showParticleSystems":true,"showVisualEffectGraphs":true,"m_FxEnabled":true},"in2DMode":false,"pivot":{"x":4.0231828689575199,"y":0.5954993963241577,"z":-5.368532180786133},"rotation":{"x":-0.005360620561987162,"y":-0.9510639309883118,"z":0.3086463510990143,"w":-0.016213517636060716},"size":10.729578018188477,"orthographic":false}