{"cameraMode":{"drawMode":0,"name":"Shaded","section":"Shading Mode"},"sceneLighting":false,"audioPlay":false,"sceneViewState":{"m_AlwaysRefresh":false,"showFog":true,"showSkybox":false,"showFlares":true,"showImageEffects":true,"showParticleSystems":true,"showVisualEffectGraphs":true,"m_FxEnabled":true},"in2DMode":false,"pivot":{"x":-1.83578360080719,"y":-1.6881022453308106,"z":2.2733752727508547},"rotation":{"x":0.08706563711166382,"y":0.05644183233380318,"z":-0.004893275443464518,"w":0.9946215152740479},"size":11.196293830871582,"orthographic":false}