{"cameraMode":{"drawMode":0,"name":"Shaded","section":"Shading Mode"},"sceneLighting":false,"audioPlay":false,"sceneViewState":{"m_AlwaysRefresh":false,"showFog":true,"showSkybox":false,"showFlares":true,"showImageEffects":true,"showParticleSystems":true,"showVisualEffectGraphs":true,"m_FxEnabled":true},"in2DMode":false,"pivot":{"x":0.7971702814102173,"y":1.3632346391677857,"z":-0.18057455122470857},"rotation":{"x":-0.19642490148544312,"y":-0.7561027407646179,"z":-0.566691517829895,"w":0.26201164722442629},"size":1.4320507049560547,"orthographic":false}