{"cameraMode":{"drawMode":0,"name":"Shaded","section":"Shading Mode"},"sceneLighting":false,"audioPlay":false,"sceneViewState":{"m_AlwaysRefresh":false,"showFog":true,"showSkybox":false,"showFlares":true,"showImageEffects":true,"showParticleSystems":true,"showVisualEffectGraphs":true,"m_FxEnabled":true},"in2DMode":false,"pivot":{"x":-0.4311533570289612,"y":0.5097529888153076,"z":0.059369370341300967},"rotation":{"x":0.1667892187833786,"y":-0.6230185627937317,"z":-0.751645028591156,"w":-0.13829858601093293},"size":1.4320507049560547,"orthographic":false}