{"cameraMode":{"drawMode":0,"name":"Shaded","section":"Shading Mode"},"sceneLighting":false,"audioPlay":false,"sceneViewState":{"m_AlwaysRefresh":false,"showFog":true,"showSkybox":false,"showFlares":true,"showImageEffects":true,"showParticleSystems":true,"showVisualEffectGraphs":true,"m_FxEnabled":true},"in2DMode":false,"pivot":{"x":0.09814724326133728,"y":0.9879032373428345,"z":0.0745973214507103},"rotation":{"x":-0.011068318039178849,"y":-0.9475138187408447,"z":0.032997775822877887,"w":-0.3178974986076355},"size":0.21122890710830689,"orthographic":false}