{"cameraMode":{"drawMode":0,"name":"Shaded","section":"Shading Mode"},"sceneLighting":false,"audioPlay":false,"sceneViewState":{"m_AlwaysRefresh":false,"showFog":true,"showSkybox":false,"showFlares":true,"showImageEffects":true,"showParticleSystems":true,"showVisualEffectGraphs":true,"m_FxEnabled":false},"in2DMode":false,"pivot":{"x":12.888895988464356,"y":0.5758594870567322,"z":1.3007524013519288},"rotation":{"x":0.004657740239053965,"y":0.6783493161201477,"z":-0.004258285742253065,"w":0.734761655330658},"size":8.462610244750977,"orthographic":false}