{"cameraMode":{"drawMode":0,"name":"Shaded","section":"Shading Mode"},"sceneLighting":false,"audioPlay":false,"sceneViewState":{"m_AlwaysRefresh":false,"showFog":true,"showSkybox":false,"showFlares":true,"showImageEffects":true,"showParticleSystems":true,"showVisualEffectGraphs":true,"m_FxEnabled":true},"in2DMode":false,"pivot":{"x":0.1655084788799286,"y":0.9345513582229614,"z":-0.7524526715278626},"rotation":{"x":-0.002257278421893716,"y":0.9858311414718628,"z":-0.013309530913829804,"w":-0.16719558835029603},"size":1.711228609085083,"orthographic":false}