{"cameraMode":{"drawMode":0,"name":"Shaded","section":"Shading Mode"},"sceneLighting":false,"audioPlay":false,"sceneViewState":{"m_AlwaysRefresh":false,"showFog":true,"showSkybox":false,"showFlares":true,"showImageEffects":true,"showParticleSystems":true,"showVisualEffectGraphs":true,"m_FxEnabled":true},"in2DMode":false,"pivot":{"x":7.663712501525879,"y":0.7434361577033997,"z":1.223785400390625},"rotation":{"x":-0.21169328689575196,"y":-0.009380167350172997,"z":0.0019978154450654985,"w":-0.9773176312446594},"size":10.177233695983887,"orthographic":false}